design,rtl_bit,common_ff,bog_ff,bog_d_pin,mapped_ff,mapped_d_pin
axis_arb_mux4,s_axis_tdata_reg[92],$auto$ff.cc:337:slice$1000,_1539_,_1539_/D,_1417_,_1417_/D
axis_arb_mux4,s_axis_tdata_reg[93],$auto$ff.cc:337:slice$1001,_1540_,_1540_/D,_1418_,_1418_/D
axis_arb_mux4,s_axis_tdata_reg[94],$auto$ff.cc:337:slice$1002,_1541_,_1541_/D,_1419_,_1419_/D
axis_arb_mux4,s_axis_tdata_reg[95],$auto$ff.cc:337:slice$1003,_1471_,_1471_/D,_1349_,_1349_/D
axis_arb_mux4,s_axis_tdata_reg[32],$auto$ff.cc:337:slice$1004,_1542_,_1542_/D,_1420_,_1420_/D
axis_arb_mux4,s_axis_tdata_reg[33],$auto$ff.cc:337:slice$1005,_1543_,_1543_/D,_1421_,_1421_/D
axis_arb_mux4,s_axis_tdata_reg[34],$auto$ff.cc:337:slice$1006,_1544_,_1544_/D,_1422_,_1422_/D
axis_arb_mux4,s_axis_tdata_reg[35],$auto$ff.cc:337:slice$1007,_1545_,_1545_/D,_1423_,_1423_/D
axis_arb_mux4,s_axis_tdata_reg[36],$auto$ff.cc:337:slice$1008,_1546_,_1546_/D,_1424_,_1424_/D
axis_arb_mux4,s_axis_tdata_reg[37],$auto$ff.cc:337:slice$1009,_1547_,_1547_/D,_1425_,_1425_/D
axis_arb_mux4,s_axis_tdata_reg[38],$auto$ff.cc:337:slice$1010,_1548_,_1548_/D,_1426_,_1426_/D
axis_arb_mux4,s_axis_tdata_reg[39],$auto$ff.cc:337:slice$1011,_1549_,_1549_/D,_1427_,_1427_/D
axis_arb_mux4,s_axis_tdata_reg[40],$auto$ff.cc:337:slice$1012,_1550_,_1550_/D,_1428_,_1428_/D
axis_arb_mux4,s_axis_tdata_reg[41],$auto$ff.cc:337:slice$1013,_1551_,_1551_/D,_1429_,_1429_/D
axis_arb_mux4,s_axis_tdata_reg[42],$auto$ff.cc:337:slice$1014,_1552_,_1552_/D,_1430_,_1430_/D
axis_arb_mux4,s_axis_tdata_reg[43],$auto$ff.cc:337:slice$1015,_1553_,_1553_/D,_1431_,_1431_/D
axis_arb_mux4,s_axis_tdata_reg[44],$auto$ff.cc:337:slice$1016,_1554_,_1554_/D,_1432_,_1432_/D
axis_arb_mux4,s_axis_tdata_reg[45],$auto$ff.cc:337:slice$1017,_1555_,_1555_/D,_1433_,_1433_/D
axis_arb_mux4,s_axis_tdata_reg[46],$auto$ff.cc:337:slice$1018,_1556_,_1556_/D,_1434_,_1434_/D
axis_arb_mux4,s_axis_tdata_reg[47],$auto$ff.cc:337:slice$1019,_1557_,_1557_/D,_1435_,_1435_/D
axis_arb_mux4,s_axis_tdata_reg[48],$auto$ff.cc:337:slice$1020,_1558_,_1558_/D,_1436_,_1436_/D
axis_arb_mux4,s_axis_tdata_reg[49],$auto$ff.cc:337:slice$1021,_1559_,_1559_/D,_1437_,_1437_/D
axis_arb_mux4,s_axis_tdata_reg[50],$auto$ff.cc:337:slice$1022,_1560_,_1560_/D,_1438_,_1438_/D
axis_arb_mux4,s_axis_tdata_reg[51],$auto$ff.cc:337:slice$1023,_1561_,_1561_/D,_1439_,_1439_/D
axis_arb_mux4,s_axis_tdata_reg[52],$auto$ff.cc:337:slice$1024,_1562_,_1562_/D,_1440_,_1440_/D
axis_arb_mux4,s_axis_tdata_reg[53],$auto$ff.cc:337:slice$1025,_1563_,_1563_/D,_1441_,_1441_/D
axis_arb_mux4,s_axis_tdata_reg[54],$auto$ff.cc:337:slice$1026,_1564_,_1564_/D,_1442_,_1442_/D
axis_arb_mux4,s_axis_tdata_reg[55],$auto$ff.cc:337:slice$1027,_1565_,_1565_/D,_1443_,_1443_/D
axis_arb_mux4,s_axis_tdata_reg[56],$auto$ff.cc:337:slice$1028,_1566_,_1566_/D,_1444_,_1444_/D
axis_arb_mux4,s_axis_tdata_reg[57],$auto$ff.cc:337:slice$1029,_1567_,_1567_/D,_1445_,_1445_/D
axis_arb_mux4,s_axis_tdata_reg[58],$auto$ff.cc:337:slice$1030,_1568_,_1568_/D,_1446_,_1446_/D
axis_arb_mux4,s_axis_tdata_reg[59],$auto$ff.cc:337:slice$1031,_1569_,_1569_/D,_1447_,_1447_/D
axis_arb_mux4,s_axis_tdata_reg[60],$auto$ff.cc:337:slice$1032,_1570_,_1570_/D,_1448_,_1448_/D
axis_arb_mux4,s_axis_tdata_reg[61],$auto$ff.cc:337:slice$1033,_1571_,_1571_/D,_1449_,_1449_/D
axis_arb_mux4,s_axis_tdata_reg[62],$auto$ff.cc:337:slice$1034,_1572_,_1572_/D,_1450_,_1450_/D
axis_arb_mux4,s_axis_tdata_reg[63],$auto$ff.cc:337:slice$1035,_1603_,_1603_/D,_1481_,_1481_/D
axis_arb_mux4,s_axis_tdata_reg[0],$auto$ff.cc:337:slice$1036,_1573_,_1573_/D,_1451_,_1451_/D
axis_arb_mux4,s_axis_tdata_reg[1],$auto$ff.cc:337:slice$1037,_1574_,_1574_/D,_1452_,_1452_/D
axis_arb_mux4,s_axis_tdata_reg[2],$auto$ff.cc:337:slice$1038,_1575_,_1575_/D,_1453_,_1453_/D
axis_arb_mux4,s_axis_tdata_reg[3],$auto$ff.cc:337:slice$1039,_1576_,_1576_/D,_1454_,_1454_/D
axis_arb_mux4,s_axis_tdata_reg[4],$auto$ff.cc:337:slice$1040,_1577_,_1577_/D,_1455_,_1455_/D
axis_arb_mux4,s_axis_tdata_reg[5],$auto$ff.cc:337:slice$1041,_1578_,_1578_/D,_1456_,_1456_/D
axis_arb_mux4,s_axis_tdata_reg[6],$auto$ff.cc:337:slice$1042,_1579_,_1579_/D,_1457_,_1457_/D
axis_arb_mux4,s_axis_tdata_reg[7],$auto$ff.cc:337:slice$1043,_1580_,_1580_/D,_1458_,_1458_/D
axis_arb_mux4,s_axis_tdata_reg[8],$auto$ff.cc:337:slice$1044,_1581_,_1581_/D,_1459_,_1459_/D
axis_arb_mux4,s_axis_tdata_reg[9],$auto$ff.cc:337:slice$1045,_1582_,_1582_/D,_1460_,_1460_/D
axis_arb_mux4,s_axis_tdata_reg[10],$auto$ff.cc:337:slice$1046,_1583_,_1583_/D,_1461_,_1461_/D
axis_arb_mux4,s_axis_tdata_reg[11],$auto$ff.cc:337:slice$1047,_1584_,_1584_/D,_1462_,_1462_/D
axis_arb_mux4,s_axis_tdata_reg[12],$auto$ff.cc:337:slice$1048,_1585_,_1585_/D,_1463_,_1463_/D
axis_arb_mux4,s_axis_tdata_reg[13],$auto$ff.cc:337:slice$1049,_1586_,_1586_/D,_1464_,_1464_/D
axis_arb_mux4,s_axis_tdata_reg[14],$auto$ff.cc:337:slice$1050,_1587_,_1587_/D,_1465_,_1465_/D
axis_arb_mux4,s_axis_tdata_reg[15],$auto$ff.cc:337:slice$1051,_1588_,_1588_/D,_1466_,_1466_/D
axis_arb_mux4,s_axis_tdata_reg[16],$auto$ff.cc:337:slice$1052,_1589_,_1589_/D,_1467_,_1467_/D
axis_arb_mux4,s_axis_tdata_reg[17],$auto$ff.cc:337:slice$1053,_1590_,_1590_/D,_1468_,_1468_/D
axis_arb_mux4,s_axis_tdata_reg[18],$auto$ff.cc:337:slice$1054,_1591_,_1591_/D,_1469_,_1469_/D
axis_arb_mux4,s_axis_tdata_reg[19],$auto$ff.cc:337:slice$1055,_1592_,_1592_/D,_1470_,_1470_/D
axis_arb_mux4,s_axis_tdata_reg[20],$auto$ff.cc:337:slice$1056,_1593_,_1593_/D,_1471_,_1471_/D
axis_arb_mux4,s_axis_tdata_reg[21],$auto$ff.cc:337:slice$1057,_1594_,_1594_/D,_1472_,_1472_/D
axis_arb_mux4,s_axis_tdata_reg[22],$auto$ff.cc:337:slice$1058,_1595_,_1595_/D,_1473_,_1473_/D
axis_arb_mux4,s_axis_tdata_reg[23],$auto$ff.cc:337:slice$1059,_1596_,_1596_/D,_1474_,_1474_/D
axis_arb_mux4,s_axis_tdata_reg[24],$auto$ff.cc:337:slice$1060,_1597_,_1597_/D,_1475_,_1475_/D
axis_arb_mux4,s_axis_tdata_reg[25],$auto$ff.cc:337:slice$1061,_1598_,_1598_/D,_1476_,_1476_/D
axis_arb_mux4,s_axis_tdata_reg[26],$auto$ff.cc:337:slice$1062,_1599_,_1599_/D,_1477_,_1477_/D
axis_arb_mux4,s_axis_tdata_reg[27],$auto$ff.cc:337:slice$1063,_1600_,_1600_/D,_1478_,_1478_/D
axis_arb_mux4,s_axis_tdata_reg[28],$auto$ff.cc:337:slice$1064,_1601_,_1601_/D,_1479_,_1479_/D
axis_arb_mux4,s_axis_tdata_reg[29],$auto$ff.cc:337:slice$1065,_1602_,_1602_/D,_1480_,_1480_/D
axis_arb_mux4,s_axis_tdata_reg[30],$auto$ff.cc:337:slice$1066,_1604_,_1604_/D,_1482_,_1482_/D
axis_arb_mux4,s_axis_tdata_reg[31],$auto$ff.cc:337:slice$1067,_1615_,_1615_/D,_1493_,_1493_/D
axis_arb_mux4,arb_inst.mask_reg[0],$auto$ff.cc:337:slice$1073,_1606_,_1606_/D,_1484_,_1484_/D
axis_arb_mux4,arb_inst.mask_reg[1],$auto$ff.cc:337:slice$1074,_1614_,_1614_/D,_1492_,_1492_/D
axis_arb_mux4,arb_inst.mask_reg[2],$auto$ff.cc:337:slice$1075,_1609_,_1609_/D,_1487_,_1487_/D
axis_arb_mux4,arb_inst.mask_reg[3],$auto$ff.cc:337:slice$1076,_1475_,_1475_/D,_1353_,_1353_/D
axis_arb_mux4,temp_m_axis_tvalid_reg,$auto$ff.cc:337:slice$846,_1477_,_1477_/D,_1355_,_1355_/D
axis_arb_mux4,temp_m_axis_tdata_reg[0],$auto$ff.cc:337:slice$847,_1620_,_1620_/D,_1498_,_1498_/D
axis_arb_mux4,temp_m_axis_tdata_reg[1],$auto$ff.cc:337:slice$848,_1621_,_1621_/D,_1499_,_1499_/D
axis_arb_mux4,temp_m_axis_tdata_reg[2],$auto$ff.cc:337:slice$849,_1622_,_1622_/D,_1500_,_1500_/D
axis_arb_mux4,temp_m_axis_tdata_reg[3],$auto$ff.cc:337:slice$850,_1623_,_1623_/D,_1501_,_1501_/D
axis_arb_mux4,temp_m_axis_tdata_reg[4],$auto$ff.cc:337:slice$851,_1624_,_1624_/D,_1502_,_1502_/D
axis_arb_mux4,temp_m_axis_tdata_reg[5],$auto$ff.cc:337:slice$852,_1625_,_1625_/D,_1503_,_1503_/D
axis_arb_mux4,temp_m_axis_tdata_reg[6],$auto$ff.cc:337:slice$853,_1626_,_1626_/D,_1504_,_1504_/D
axis_arb_mux4,temp_m_axis_tdata_reg[7],$auto$ff.cc:337:slice$854,_1627_,_1627_/D,_1505_,_1505_/D
axis_arb_mux4,temp_m_axis_tdata_reg[8],$auto$ff.cc:337:slice$855,_1628_,_1628_/D,_1506_,_1506_/D
axis_arb_mux4,temp_m_axis_tdata_reg[9],$auto$ff.cc:337:slice$856,_1629_,_1629_/D,_1507_,_1507_/D
axis_arb_mux4,temp_m_axis_tdata_reg[10],$auto$ff.cc:337:slice$857,_1630_,_1630_/D,_1508_,_1508_/D
axis_arb_mux4,temp_m_axis_tdata_reg[11],$auto$ff.cc:337:slice$858,_1631_,_1631_/D,_1509_,_1509_/D
axis_arb_mux4,temp_m_axis_tdata_reg[12],$auto$ff.cc:337:slice$859,_1632_,_1632_/D,_1510_,_1510_/D
axis_arb_mux4,temp_m_axis_tdata_reg[13],$auto$ff.cc:337:slice$860,_1633_,_1633_/D,_1511_,_1511_/D
axis_arb_mux4,temp_m_axis_tdata_reg[14],$auto$ff.cc:337:slice$861,_1424_,_1424_/D,_1302_,_1302_/D
axis_arb_mux4,temp_m_axis_tdata_reg[15],$auto$ff.cc:337:slice$862,_1425_,_1425_/D,_1303_,_1303_/D
axis_arb_mux4,temp_m_axis_tdata_reg[16],$auto$ff.cc:337:slice$863,_1426_,_1426_/D,_1304_,_1304_/D
axis_arb_mux4,temp_m_axis_tdata_reg[17],$auto$ff.cc:337:slice$864,_1427_,_1427_/D,_1305_,_1305_/D
axis_arb_mux4,temp_m_axis_tdata_reg[18],$auto$ff.cc:337:slice$865,_1428_,_1428_/D,_1306_,_1306_/D
axis_arb_mux4,temp_m_axis_tdata_reg[19],$auto$ff.cc:337:slice$866,_1429_,_1429_/D,_1307_,_1307_/D
axis_arb_mux4,temp_m_axis_tdata_reg[20],$auto$ff.cc:337:slice$867,_1430_,_1430_/D,_1308_,_1308_/D
axis_arb_mux4,temp_m_axis_tdata_reg[21],$auto$ff.cc:337:slice$868,_1431_,_1431_/D,_1309_,_1309_/D
axis_arb_mux4,temp_m_axis_tdata_reg[22],$auto$ff.cc:337:slice$869,_1432_,_1432_/D,_1310_,_1310_/D
axis_arb_mux4,temp_m_axis_tdata_reg[23],$auto$ff.cc:337:slice$870,_1433_,_1433_/D,_1311_,_1311_/D
axis_arb_mux4,temp_m_axis_tdata_reg[24],$auto$ff.cc:337:slice$871,_1434_,_1434_/D,_1312_,_1312_/D
axis_arb_mux4,temp_m_axis_tdata_reg[25],$auto$ff.cc:337:slice$872,_1435_,_1435_/D,_1313_,_1313_/D
axis_arb_mux4,temp_m_axis_tdata_reg[26],$auto$ff.cc:337:slice$873,_1436_,_1436_/D,_1314_,_1314_/D
axis_arb_mux4,temp_m_axis_tdata_reg[27],$auto$ff.cc:337:slice$874,_1437_,_1437_/D,_1315_,_1315_/D
axis_arb_mux4,temp_m_axis_tdata_reg[28],$auto$ff.cc:337:slice$875,_1438_,_1438_/D,_1316_,_1316_/D
axis_arb_mux4,temp_m_axis_tdata_reg[29],$auto$ff.cc:337:slice$876,_1439_,_1439_/D,_1317_,_1317_/D
axis_arb_mux4,temp_m_axis_tdata_reg[30],$auto$ff.cc:337:slice$877,_1440_,_1440_/D,_1318_,_1318_/D
axis_arb_mux4,temp_m_axis_tdata_reg[31],$auto$ff.cc:337:slice$878,_1619_,_1619_/D,_1497_,_1497_/D
axis_arb_mux4,m_axis_tvalid,$auto$ff.cc:337:slice$890,_1613_,_1613_/D,_1491_,_1491_/D
axis_arb_mux4,m_axis_tdata[0],$auto$ff.cc:337:slice$893,_1441_,_1441_/D,_1319_,_1319_/D
axis_arb_mux4,m_axis_tdata[1],$auto$ff.cc:337:slice$894,_1442_,_1442_/D,_1320_,_1320_/D
axis_arb_mux4,m_axis_tdata[2],$auto$ff.cc:337:slice$895,_1443_,_1443_/D,_1321_,_1321_/D
axis_arb_mux4,m_axis_tdata[3],$auto$ff.cc:337:slice$896,_1444_,_1444_/D,_1322_,_1322_/D
axis_arb_mux4,m_axis_tdata[4],$auto$ff.cc:337:slice$897,_1445_,_1445_/D,_1323_,_1323_/D
axis_arb_mux4,m_axis_tdata[5],$auto$ff.cc:337:slice$898,_1446_,_1446_/D,_1324_,_1324_/D
axis_arb_mux4,m_axis_tdata[6],$auto$ff.cc:337:slice$899,_1447_,_1447_/D,_1325_,_1325_/D
axis_arb_mux4,m_axis_tdata[7],$auto$ff.cc:337:slice$900,_1448_,_1448_/D,_1326_,_1326_/D
axis_arb_mux4,m_axis_tdata[8],$auto$ff.cc:337:slice$901,_1449_,_1449_/D,_1327_,_1327_/D
axis_arb_mux4,m_axis_tdata[9],$auto$ff.cc:337:slice$902,_1450_,_1450_/D,_1328_,_1328_/D
axis_arb_mux4,m_axis_tdata[10],$auto$ff.cc:337:slice$903,_1451_,_1451_/D,_1329_,_1329_/D
axis_arb_mux4,m_axis_tdata[11],$auto$ff.cc:337:slice$904,_1452_,_1452_/D,_1330_,_1330_/D
axis_arb_mux4,m_axis_tdata[12],$auto$ff.cc:337:slice$905,_1453_,_1453_/D,_1331_,_1331_/D
axis_arb_mux4,m_axis_tdata[13],$auto$ff.cc:337:slice$906,_1454_,_1454_/D,_1332_,_1332_/D
axis_arb_mux4,m_axis_tdata[14],$auto$ff.cc:337:slice$907,_1455_,_1455_/D,_1333_,_1333_/D
axis_arb_mux4,m_axis_tdata[15],$auto$ff.cc:337:slice$908,_1456_,_1456_/D,_1334_,_1334_/D
axis_arb_mux4,m_axis_tdata[16],$auto$ff.cc:337:slice$909,_1457_,_1457_/D,_1335_,_1335_/D
axis_arb_mux4,m_axis_tdata[17],$auto$ff.cc:337:slice$910,_1458_,_1458_/D,_1336_,_1336_/D
axis_arb_mux4,m_axis_tdata[18],$auto$ff.cc:337:slice$911,_1459_,_1459_/D,_1337_,_1337_/D
axis_arb_mux4,m_axis_tdata[19],$auto$ff.cc:337:slice$912,_1460_,_1460_/D,_1338_,_1338_/D
axis_arb_mux4,m_axis_tdata[20],$auto$ff.cc:337:slice$913,_1461_,_1461_/D,_1339_,_1339_/D
axis_arb_mux4,m_axis_tdata[21],$auto$ff.cc:337:slice$914,_1462_,_1462_/D,_1340_,_1340_/D
axis_arb_mux4,m_axis_tdata[22],$auto$ff.cc:337:slice$915,_1463_,_1463_/D,_1341_,_1341_/D
axis_arb_mux4,m_axis_tdata[23],$auto$ff.cc:337:slice$916,_1464_,_1464_/D,_1342_,_1342_/D
axis_arb_mux4,m_axis_tdata[24],$auto$ff.cc:337:slice$917,_1465_,_1465_/D,_1343_,_1343_/D
axis_arb_mux4,m_axis_tdata[25],$auto$ff.cc:337:slice$918,_1466_,_1466_/D,_1344_,_1344_/D
axis_arb_mux4,m_axis_tdata[26],$auto$ff.cc:337:slice$919,_1467_,_1467_/D,_1345_,_1345_/D
axis_arb_mux4,m_axis_tdata[27],$auto$ff.cc:337:slice$920,_1468_,_1468_/D,_1346_,_1346_/D
axis_arb_mux4,m_axis_tdata[28],$auto$ff.cc:337:slice$921,_1469_,_1469_/D,_1347_,_1347_/D
axis_arb_mux4,m_axis_tdata[29],$auto$ff.cc:337:slice$922,_1470_,_1470_/D,_1348_,_1348_/D
axis_arb_mux4,m_axis_tdata[30],$auto$ff.cc:337:slice$923,_1472_,_1472_/D,_1350_,_1350_/D
axis_arb_mux4,m_axis_tdata[31],$auto$ff.cc:337:slice$924,_1610_,_1610_/D,_1488_,_1488_/D
axis_arb_mux4,m_axis_tready_int_reg,$auto$ff.cc:337:slice$925,_1608_,_1608_/D,_1486_,_1486_/D
axis_arb_mux4,grant[0],$auto$ff.cc:337:slice$926,_1474_,_1474_/D,_1352_,_1352_/D
axis_arb_mux4,grant[1],$auto$ff.cc:337:slice$927,_1476_,_1476_/D,_1354_,_1354_/D
axis_arb_mux4,grant[2],$auto$ff.cc:337:slice$928,_1478_,_1478_/D,_1356_,_1356_/D
axis_arb_mux4,grant[3],$auto$ff.cc:337:slice$929,_1607_,_1607_/D,_1485_,_1485_/D
axis_arb_mux4,grant_valid,$auto$ff.cc:337:slice$930,_1605_,_1605_/D,_1483_,_1483_/D
axis_arb_mux4,grant_encoded[0],$auto$ff.cc:337:slice$934,_1479_,_1479_/D,_1357_,_1357_/D
axis_arb_mux4,grant_encoded[1],$auto$ff.cc:337:slice$935,_1473_,_1473_/D,_1351_,_1351_/D
axis_arb_mux4,s_axis_tvalid_reg[3],$auto$ff.cc:337:slice$936,_1616_,_1616_/D,_1494_,_1494_/D
axis_arb_mux4,s_axis_tvalid_reg[2],$auto$ff.cc:337:slice$937,_1612_,_1612_/D,_1490_,_1490_/D
axis_arb_mux4,s_axis_tvalid_reg[1],$auto$ff.cc:337:slice$938,_1617_,_1617_/D,_1495_,_1495_/D
axis_arb_mux4,s_axis_tvalid_reg[0],$auto$ff.cc:337:slice$939,_1618_,_1618_/D,_1496_,_1496_/D
axis_arb_mux4,s_axis_tdata_reg[96],$auto$ff.cc:337:slice$940,_1480_,_1480_/D,_1358_,_1358_/D
axis_arb_mux4,s_axis_tdata_reg[97],$auto$ff.cc:337:slice$941,_1481_,_1481_/D,_1359_,_1359_/D
axis_arb_mux4,s_axis_tdata_reg[98],$auto$ff.cc:337:slice$942,_1482_,_1482_/D,_1360_,_1360_/D
axis_arb_mux4,s_axis_tdata_reg[99],$auto$ff.cc:337:slice$943,_1483_,_1483_/D,_1361_,_1361_/D
axis_arb_mux4,s_axis_tdata_reg[100],$auto$ff.cc:337:slice$944,_1484_,_1484_/D,_1362_,_1362_/D
axis_arb_mux4,s_axis_tdata_reg[101],$auto$ff.cc:337:slice$945,_1485_,_1485_/D,_1363_,_1363_/D
axis_arb_mux4,s_axis_tdata_reg[102],$auto$ff.cc:337:slice$946,_1486_,_1486_/D,_1364_,_1364_/D
axis_arb_mux4,s_axis_tdata_reg[103],$auto$ff.cc:337:slice$947,_1487_,_1487_/D,_1365_,_1365_/D
axis_arb_mux4,s_axis_tdata_reg[104],$auto$ff.cc:337:slice$948,_1488_,_1488_/D,_1366_,_1366_/D
axis_arb_mux4,s_axis_tdata_reg[105],$auto$ff.cc:337:slice$949,_1489_,_1489_/D,_1367_,_1367_/D
axis_arb_mux4,s_axis_tdata_reg[106],$auto$ff.cc:337:slice$950,_1490_,_1490_/D,_1368_,_1368_/D
axis_arb_mux4,s_axis_tdata_reg[107],$auto$ff.cc:337:slice$951,_1491_,_1491_/D,_1369_,_1369_/D
axis_arb_mux4,s_axis_tdata_reg[108],$auto$ff.cc:337:slice$952,_1492_,_1492_/D,_1370_,_1370_/D
axis_arb_mux4,s_axis_tdata_reg[109],$auto$ff.cc:337:slice$953,_1493_,_1493_/D,_1371_,_1371_/D
axis_arb_mux4,s_axis_tdata_reg[110],$auto$ff.cc:337:slice$954,_1494_,_1494_/D,_1372_,_1372_/D
axis_arb_mux4,s_axis_tdata_reg[111],$auto$ff.cc:337:slice$955,_1495_,_1495_/D,_1373_,_1373_/D
axis_arb_mux4,s_axis_tdata_reg[112],$auto$ff.cc:337:slice$956,_1496_,_1496_/D,_1374_,_1374_/D
axis_arb_mux4,s_axis_tdata_reg[113],$auto$ff.cc:337:slice$957,_1497_,_1497_/D,_1375_,_1375_/D
axis_arb_mux4,s_axis_tdata_reg[114],$auto$ff.cc:337:slice$958,_1498_,_1498_/D,_1376_,_1376_/D
axis_arb_mux4,s_axis_tdata_reg[115],$auto$ff.cc:337:slice$959,_1499_,_1499_/D,_1377_,_1377_/D
axis_arb_mux4,s_axis_tdata_reg[116],$auto$ff.cc:337:slice$960,_1500_,_1500_/D,_1378_,_1378_/D
axis_arb_mux4,s_axis_tdata_reg[117],$auto$ff.cc:337:slice$961,_1501_,_1501_/D,_1379_,_1379_/D
axis_arb_mux4,s_axis_tdata_reg[118],$auto$ff.cc:337:slice$962,_1502_,_1502_/D,_1380_,_1380_/D
axis_arb_mux4,s_axis_tdata_reg[119],$auto$ff.cc:337:slice$963,_1503_,_1503_/D,_1381_,_1381_/D
axis_arb_mux4,s_axis_tdata_reg[120],$auto$ff.cc:337:slice$964,_1504_,_1504_/D,_1382_,_1382_/D
axis_arb_mux4,s_axis_tdata_reg[121],$auto$ff.cc:337:slice$965,_1505_,_1505_/D,_1383_,_1383_/D
axis_arb_mux4,s_axis_tdata_reg[122],$auto$ff.cc:337:slice$966,_1506_,_1506_/D,_1384_,_1384_/D
axis_arb_mux4,s_axis_tdata_reg[123],$auto$ff.cc:337:slice$967,_1507_,_1507_/D,_1385_,_1385_/D
axis_arb_mux4,s_axis_tdata_reg[124],$auto$ff.cc:337:slice$968,_1508_,_1508_/D,_1386_,_1386_/D
axis_arb_mux4,s_axis_tdata_reg[125],$auto$ff.cc:337:slice$969,_1509_,_1509_/D,_1387_,_1387_/D
axis_arb_mux4,s_axis_tdata_reg[126],$auto$ff.cc:337:slice$970,_1510_,_1510_/D,_1388_,_1388_/D
axis_arb_mux4,s_axis_tdata_reg[127],$auto$ff.cc:337:slice$971,_1611_,_1611_/D,_1489_,_1489_/D
axis_arb_mux4,s_axis_tdata_reg[64],$auto$ff.cc:337:slice$972,_1511_,_1511_/D,_1389_,_1389_/D
axis_arb_mux4,s_axis_tdata_reg[65],$auto$ff.cc:337:slice$973,_1512_,_1512_/D,_1390_,_1390_/D
axis_arb_mux4,s_axis_tdata_reg[66],$auto$ff.cc:337:slice$974,_1513_,_1513_/D,_1391_,_1391_/D
axis_arb_mux4,s_axis_tdata_reg[67],$auto$ff.cc:337:slice$975,_1514_,_1514_/D,_1392_,_1392_/D
axis_arb_mux4,s_axis_tdata_reg[68],$auto$ff.cc:337:slice$976,_1515_,_1515_/D,_1393_,_1393_/D
axis_arb_mux4,s_axis_tdata_reg[69],$auto$ff.cc:337:slice$977,_1516_,_1516_/D,_1394_,_1394_/D
axis_arb_mux4,s_axis_tdata_reg[70],$auto$ff.cc:337:slice$978,_1517_,_1517_/D,_1395_,_1395_/D
axis_arb_mux4,s_axis_tdata_reg[71],$auto$ff.cc:337:slice$979,_1518_,_1518_/D,_1396_,_1396_/D
axis_arb_mux4,s_axis_tdata_reg[72],$auto$ff.cc:337:slice$980,_1519_,_1519_/D,_1397_,_1397_/D
axis_arb_mux4,s_axis_tdata_reg[73],$auto$ff.cc:337:slice$981,_1520_,_1520_/D,_1398_,_1398_/D
axis_arb_mux4,s_axis_tdata_reg[74],$auto$ff.cc:337:slice$982,_1521_,_1521_/D,_1399_,_1399_/D
axis_arb_mux4,s_axis_tdata_reg[75],$auto$ff.cc:337:slice$983,_1522_,_1522_/D,_1400_,_1400_/D
axis_arb_mux4,s_axis_tdata_reg[76],$auto$ff.cc:337:slice$984,_1523_,_1523_/D,_1401_,_1401_/D
axis_arb_mux4,s_axis_tdata_reg[77],$auto$ff.cc:337:slice$985,_1524_,_1524_/D,_1402_,_1402_/D
axis_arb_mux4,s_axis_tdata_reg[78],$auto$ff.cc:337:slice$986,_1525_,_1525_/D,_1403_,_1403_/D
axis_arb_mux4,s_axis_tdata_reg[79],$auto$ff.cc:337:slice$987,_1526_,_1526_/D,_1404_,_1404_/D
axis_arb_mux4,s_axis_tdata_reg[80],$auto$ff.cc:337:slice$988,_1527_,_1527_/D,_1405_,_1405_/D
axis_arb_mux4,s_axis_tdata_reg[81],$auto$ff.cc:337:slice$989,_1528_,_1528_/D,_1406_,_1406_/D
axis_arb_mux4,s_axis_tdata_reg[82],$auto$ff.cc:337:slice$990,_1529_,_1529_/D,_1407_,_1407_/D
axis_arb_mux4,s_axis_tdata_reg[83],$auto$ff.cc:337:slice$991,_1530_,_1530_/D,_1408_,_1408_/D
axis_arb_mux4,s_axis_tdata_reg[84],$auto$ff.cc:337:slice$992,_1531_,_1531_/D,_1409_,_1409_/D
axis_arb_mux4,s_axis_tdata_reg[85],$auto$ff.cc:337:slice$993,_1532_,_1532_/D,_1410_,_1410_/D
axis_arb_mux4,s_axis_tdata_reg[86],$auto$ff.cc:337:slice$994,_1533_,_1533_/D,_1411_,_1411_/D
axis_arb_mux4,s_axis_tdata_reg[87],$auto$ff.cc:337:slice$995,_1534_,_1534_/D,_1412_,_1412_/D
axis_arb_mux4,s_axis_tdata_reg[88],$auto$ff.cc:337:slice$996,_1535_,_1535_/D,_1413_,_1413_/D
axis_arb_mux4,s_axis_tdata_reg[89],$auto$ff.cc:337:slice$997,_1536_,_1536_/D,_1414_,_1414_/D
axis_arb_mux4,s_axis_tdata_reg[90],$auto$ff.cc:337:slice$998,_1537_,_1537_/D,_1415_,_1415_/D
axis_arb_mux4,s_axis_tdata_reg[91],$auto$ff.cc:337:slice$999,_1538_,_1538_/D,_1416_,_1416_/D
