column,n,min,p25,median,p75,p95,max,mean,std
bog_rank_level,6207,1.0,2.0,3.0,4.0,4.0,4.0,2.6531335588851297,1.0004185166010544
bog_fraction_strictly_slower,6207,0.0,0.18417462482946795,0.4403292181069959,0.7121212121212122,0.922237380627558,0.9993178717598908,0.4424445755644959,0.2991093920223439
bog_sequential_cells,6207,35.0,562.0,1034.0,1215.0,1466.0,1466.0,933.9270178830353,437.04629777528356
bog_combinational_cells,6207,209.0,6250.0,9404.0,9410.0,15625.0,15625.0,7563.084420815208,4215.608213025682
bog_total_cells,6207,276.0,7465.0,10444.0,10870.0,16187.0,16187.0,8497.011438698244,4387.424507016258
driving_register_count,6207,0.0,7.0,14.0,40.0,94.0,745.0,31.376349283067505,51.73712359420106
bog_arrival_ns,6207,0.075374,1.072093,1.382784,2.228738,4.238734,4.601263,1.7555672018688577,1.0636436044267898
logic_levels,6207,0.0,4.0,6.0,20.0,60.0,84.0,15.250040277106493,18.26399120721237
and2_count,6207,0.0,2.0,3.0,13.0,28.0,35.0,7.9246012566457225,9.084433911133905
or2_count,6207,0.0,0.0,1.0,4.0,29.0,38.0,5.2387626872885455,9.048854688704527
inv_count,6207,0.0,0.0,0.0,1.0,1.0,4.0,0.2970839374899307,0.5174850292333856
xor2_count,6207,0.0,0.0,0.0,1.0,2.0,10.0,0.6471725471242146,1.3477934205923092
mux2_count,6207,0.0,0.0,1.0,2.0,3.0,5.0,1.1424198485580797,0.9552666502641661
fanout_sum,6207,1.0,51.0,93.0,188.0,1248.0,1248.0,246.80119220235218,353.71476519505563
fanout_mean,6207,1.0,3.269230769230769,7.75,26.65,178.28571428571428,218.0,36.29660060540982,59.467662533985155
fanout_variance,6207,0.0,36.734375,141.44,1588.7700000000002,47724.77551020408,49280.25,7520.286739779085,15461.942349070578
cap_sum_ff,6207,1.0619999999999998,73.9981,139.1912,266.33539999999994,1680.1856999999998,1680.1856999999998,317.4758463025616,448.78195131628206
cap_mean_ff,6207,0.942525,4.294193560975609,12.333016666666666,35.2288,240.02652857142854,369.7,46.12212463494252,72.36170873980792
cap_variance_ff2,6207,0.0,62.3946831201653,480.8622332910204,4214.120298373314,119127.94856921346,144966.0405587936,14464.55892156904,33430.47321207547
slew_sum_ns,6207,0.02168,0.22124,0.37513299999999994,0.7723000000000001,3.6219730000000006,3.6219730000000006,0.7307118548413082,0.9616815234954118
slew_mean_ns,6207,0.006337499999999999,0.014251290322580646,0.027529666666666664,0.05531,0.4024414444444445,0.4024414444444445,0.07565061314093192,0.11250263829805199
slew_variance_ns2,6207,0.0,0.00020812069043209876,0.0006267916952222223,0.008460548955102041,0.5335920620933581,0.586130083649102,0.060433096864895876,0.149078007688904
fanout_std,6207,0.0,6.0608889612003285,11.892854997854805,39.85838025929745,218.4600089494736,221.99155389338577,47.81700641612724,72.34514936869736
cap_std_ff,6207,0.0,7.899030517738573,21.9285711639181,64.9162559334081,345.14916857673796,380.7440617511895,66.35538261866168,100.30713892390735
slew_std_ns,6207,0.0,0.014426388682969095,0.025035808259815027,0.0919812424089936,0.7304738613347901,0.7655913293978074,0.1267649693349051,0.2106270149207277
label_arrival_ns,6207,0.075374,1.063915,1.42653,1.849344,15.24252,15.921643,2.6218786839052686,3.857743148728969
