split,design,rows,row_weight,total_weight,fraction,role
train,picorv32,1456,0.3552541208791209,517.25,0.08333333333333333,tree_fitting
train,femtorv_quark,1215,0.4257201646090535,517.25,0.08333333333333333,tree_fitting
train,sha256,1034,0.5002417794970987,517.25,0.08333333333333333,tree_fitting
train,axis_fifo16,593,0.8722596964586846,517.2499999999998,0.0833333333333333,tree_fitting
train,aes128,562,0.9203736654804271,517.25,0.08333333333333333,tree_fitting
train,fastfir8,505,1.0242574257425743,517.25,0.08333333333333333,tree_fitting
train,boxcar16,354,1.4611581920903955,517.2500000000001,0.08333333333333336,tree_fitting
train,axis_arb_mux4,210,2.4630952380952382,517.2500000000001,0.08333333333333336,tree_fitting
train,simple_spi,132,3.918560606060606,517.25,0.08333333333333333,tree_fitting
train,axis_skid32,67,7.720149253731344,517.25,0.08333333333333333,tree_fitting
train,uart_rx,44,11.755681818181818,517.25,0.08333333333333333,tree_fitting
train,uart_tx,35,14.778571428571428,517.25,0.08333333333333333,tree_fitting
validation,chacha,1100,0.5386363636363637,592.5,0.24999999999999994,round_selection_metric
validation,osu_riscv32i,1056,0.5610795454545454,592.4999999999998,0.24999999999999986,round_selection_metric
validation,divider32,142,4.172535211267606,592.5,0.24999999999999994,round_selection_metric
validation,i2c_master,72,8.229166666666666,592.5,0.24999999999999994,round_selection_metric
