iteration_zero_based,trees,validation_macro_mae_ns
0,1,2.745771012366337
1,2,2.561794663223664
2,3,2.3879137587413495
3,4,2.22145650309669
4,5,2.0639687677423812
5,6,1.9137476994620635
6,7,1.771714625230888
7,8,1.6359602443001853
8,9,1.5093389215934616
9,10,1.3945012165390884
10,11,1.3598038325441542
11,12,1.3434828436493935
12,13,1.329614315078479
13,14,1.3128382207344895
14,15,1.3040891294060368
15,16,1.295759603479146
16,17,1.2810761683293044
17,18,1.268164571776223
18,19,1.2551884279341519
19,20,1.2427791549941551
20,21,1.229338310406041
21,22,1.2196086901036611
22,23,1.2134257543942049
23,24,1.2125946645984162
24,25,1.2163732222565535
25,26,1.220456174020747
26,27,1.2278504506438168
27,28,1.2377772340897708
28,29,1.2492258023213385
29,30,1.2623366802565665
30,31,1.2766887062657344
31,32,1.291808601244973
32,33,1.308536478381667
33,34,1.3243557258866023
34,35,1.3404169666199623
35,36,1.357167969566874
36,37,1.3742073179307372
37,38,1.3906435533874946
38,39,1.406762329302988
39,40,1.4248043505802201
40,41,1.441022128073066
41,42,1.4571524073079218
42,43,1.4713526086949265
43,44,1.4856956354392135
44,45,1.4989269302585473
45,46,1.5112893967885854
46,47,1.5227501009535365
47,48,1.534157147983946
48,49,1.5446078577176845
49,50,1.5548361384795089
50,51,1.5643607159665427
51,52,1.573038290325568
52,53,1.5818024791243197
53,54,1.5903930722898347
54,55,1.5988712827917508
55,56,1.6067347216950472
56,57,1.6143966181639737
57,58,1.620880930528932
58,59,1.627691282370624
59,60,1.6343655031194226
60,61,1.6406083408000218
61,62,1.6442085206054222
62,63,1.6479377913293827
63,64,1.6529715736745634
64,65,1.656714999183954
65,66,1.6620450803163946
66,67,1.665653222423906
67,68,1.6704838573739151
68,69,1.67375313659586
69,70,1.675997913129672
70,71,1.67865744671187
71,72,1.680510728431305
72,73,1.6823987773481848
73,74,1.683761479974046
