design_id,name,category,split,family,top,parameters,clock_port,reset_port,reset_inactive,register_bits,source_url,commit,license,qualification_status,label_status
picorv32,PicoRV32,processor,train,pico_femto,picorv32,"{""ENABLE_COUNTERS"": 0, ""ENABLE_DIV"": 0, ""ENABLE_IRQ"": 0, ""ENABLE_MUL"": 0}",clk,resetn,1,1465,https://github.com/YosysHQ/picorv32,ef203c2b0a3fb793280f5114941416c425c5b461,ISC,yosys_both_mappings_passed,not_generated
femtorv_quark,FemtoRV32 Quark,processor,train,pico_femto,FemtoRV32,"{""ADDR_WIDTH"": 24}",clk,reset,1,1215,https://github.com/BrunoLevy/learn-fpga,5c08c870315c09ccd9ec64ccde20ab3375b3f273,BSD-3-Clause,yosys_both_mappings_passed,not_generated
osu_riscv32i,OSU RV32I core,processor,validation,osu_riscv32i,riscv,{},clk,reset,0,1056,https://github.com/The-OpenROAD-Project/OpenROAD-flow-scripts,49416916f08ca3640464c755aed883c25d25a153,Apache-2.0,yosys_both_mappings_passed,not_generated
serv,SERV with register file,processor,test,serv,serv_rf_top,"{""COMPRESSED"": 0, ""MDU"": 0, ""W"": 1, ""WITH_CSR"": 0}",clk,i_rst,0,1190,https://github.com/olofk/serv,f200eb2ed7b69ac1c6b8eddd47654522aeee5ce8,ISC,yosys_both_mappings_passed,not_generated
fastfir8,8-tap FIR,arithmetic_dsp,train,zipcpu_filters,fastfir,"{""FIXED_TAPS"": 0, ""IW"": 12, ""NTAPS"": 8, ""OW"": 28, ""TW"": 12}",i_clk,i_reset,0,508,https://github.com/ZipCPU/dspfilters,16d7dc3b23af167759693da9caff7c7111805873,LGPL-3.0-or-later,yosys_both_mappings_passed,not_generated
boxcar16,16-entry moving-sum filter,arithmetic_dsp,train,zipcpu_filters,boxcar,"{""FIXED_NAVG"": 1, ""INITIAL_NAVG"": 15, ""IW"": 16, ""LGMEM"": 4, ""OW"": 20}",i_clk,i_reset,0,354,https://github.com/ZipCPU/dspfilters,16d7dc3b23af167759693da9caff7c7111805873,LGPL-3.0-or-later,yosys_both_mappings_passed,not_generated
divider32,32-bit iterative divider,arithmetic_dsp,validation,zipcpu_divider,div,"{""BW"": 32, ""LGBW"": 5}",i_clk,i_reset,0,142,https://github.com/ZipCPU/zipcpu,42606d2d6ef55df313772232977621b2d72f0159,GPL-3.0-or-later,yosys_both_mappings_passed,not_generated
seqcordic,Sequential CORDIC,arithmetic_dsp,test,zipcpu_cordic,seqcordic,{},i_clk,i_reset,0,152,https://github.com/ZipCPU/cordic,8ede08a1865d87a357a3a2c188206e843dd9bde6,LGPL-3.0-or-later,yosys_both_mappings_passed,not_generated
aes128,AES-128 encryption core,crypto_checksum,train,opencores_aes,aes_cipher_top,{},clk,rst,1,562,https://github.com/The-OpenROAD-Project/OpenROAD-flow-scripts,49416916f08ca3640464c755aed883c25d25a153,BSD-style hardware license,yosys_both_mappings_passed,not_generated
sha256,SHA-256 core,crypto_checksum,train,secworks_sha2,sha256_core,{},clk,reset_n,1,1034,https://github.com/secworks/sha256,837c5cc396f001d18f2c765721c585716eb439ae,BSD-2-Clause,yosys_both_mappings_passed,not_generated
chacha,ChaCha core,crypto_checksum,validation,secworks_chacha,chacha_core,{},clk,reset_n,1,1100,https://github.com/secworks/chacha,7eaba360df9fed9fc2db98d5f3df81cf01e5b604,BSD-2-Clause,yosys_both_mappings_passed,not_generated
crc32,CRC-32 accumulator,crypto_checksum,test,forencich_lfsr,lfsr_crc,"{""DATA_WIDTH"": 8, ""LFSR_WIDTH"": 32}",clk,rst,0,64,https://github.com/alexforencich/verilog-lfsr,c1f86d036745935f3812ec6ddc7821c70ef4c9de,MIT,yosys_both_mappings_passed,not_generated
uart_tx,UART transmitter,protocol_control,train,forencich_uart,uart_tx,"{""DATA_WIDTH"": 8}",clk,rst,0,35,https://github.com/alexforencich/verilog-uart,1b867e53af738e4a8bc7c839ca2f1c07f40382dc,MIT,yosys_both_mappings_passed,not_generated
uart_rx,UART receiver,protocol_control,train,forencich_uart,uart_rx,"{""DATA_WIDTH"": 8}",clk,rst,0,44,https://github.com/alexforencich/verilog-uart,1b867e53af738e4a8bc7c839ca2f1c07f40382dc,MIT,yosys_both_mappings_passed,not_generated
simple_spi,Wishbone SPI master,protocol_control,train,herveille_spi,simple_spi,"{""SS_WIDTH"": 1}",clk_i,rst_i,0,132,https://github.com/olofk/simple_spi,eb393ee86299d9762b29d2043303826d0cd96fc4,Permissive notice in source,yosys_both_mappings_passed,not_generated
i2c_master,I2C master,protocol_control,validation,forencich_i2c,i2c_master,{},clk,rst,0,72,https://github.com/alexforencich/verilog-i2c,a65be4045e898a52e791c6ee71f8f79a7cd2e129,MIT,yosys_both_mappings_passed,not_generated
axis_fifo16,"AXI-stream FIFO, 16 x 32",interconnect_buffer,train,forencich_axis,axis_fifo,"{""DATA_WIDTH"": 32, ""DEPTH"": 16, ""FRAME_FIFO"": 0, ""KEEP_ENABLE"": 0, ""LAST_ENABLE"": 0, ""USER_ENABLE"": 0}",clk,rst,0,593,https://github.com/alexforencich/verilog-axis,48ff7a7e2ef782cf778d47910cf85835c64b1bce,MIT,yosys_both_mappings_passed,not_generated
axis_arb_mux4,AXI-stream 4-to-1 arbiter,interconnect_buffer,train,forencich_axis,axis_arb_mux,"{""ARB_TYPE_ROUND_ROBIN"": 1, ""DATA_WIDTH"": 32, ""KEEP_ENABLE"": 0, ""LAST_ENABLE"": 0, ""S_COUNT"": 4, ""USER_ENABLE"": 0}",clk,rst,0,210,https://github.com/alexforencich/verilog-axis,48ff7a7e2ef782cf778d47910cf85835c64b1bce,MIT,yosys_both_mappings_passed,not_generated
axis_skid32,AXI-stream skid buffer,interconnect_buffer,train,forencich_axis,axis_register,"{""DATA_WIDTH"": 32, ""KEEP_ENABLE"": 0, ""LAST_ENABLE"": 0, ""REG_TYPE"": 2, ""USER_ENABLE"": 0}",clk,rst,0,67,https://github.com/alexforencich/verilog-axis,48ff7a7e2ef782cf778d47910cf85835c64b1bce,MIT,yosys_both_mappings_passed,not_generated
sfifo16,"Synchronous FIFO, 16 x 32",interconnect_buffer,test,zipcpu_sfifo,sfifo,"{""BW"": 32, ""LGFLEN"": 4, ""OPT_ASYNC_READ"": 0}",i_clk,i_reset,0,591,https://github.com/ZipCPU/wb2axip,2e8d3bc2d26ddc33d1881022a2a2b9d3f0c16b9b,Public-domain dedication in source,yosys_both_mappings_passed,not_generated
