design,split,family,common_registers,matched_public_rtl_bits,dataset_rows,excluded_registers,coverage_all_common,coverage_public_rtl,period_invariance_polarities_checked,one_polarity_mapped_rows,status
picorv32,train,pico_femto,1466,1456,1456,10,0.9931787175989086,1.0,2932,0,PASS_WITH_EXCLUSIONS
femtorv_quark,train,pico_femto,1215,1215,1215,0,1.0,1.0,2430,0,PASS
osu_riscv32i,validation,osu_riscv32i,1056,1056,1056,0,1.0,1.0,2112,0,PASS
serv,test,serv,1190,1190,1190,0,1.0,1.0,2380,0,PASS
fastfir8,train,zipcpu_filters,505,505,505,0,1.0,1.0,1010,0,PASS
boxcar16,train,zipcpu_filters,354,354,354,0,1.0,1.0,708,0,PASS
divider32,validation,zipcpu_divider,142,142,142,0,1.0,1.0,284,0,PASS
seqcordic,test,zipcpu_cordic,152,152,152,0,1.0,1.0,304,0,PASS
aes128,train,opencores_aes,562,562,562,0,1.0,1.0,1124,0,PASS
sha256,train,secworks_sha2,1034,1034,1034,0,1.0,1.0,2068,0,PASS
chacha,validation,secworks_chacha,1100,1100,1100,0,1.0,1.0,2200,0,PASS
crc32,test,forencich_lfsr,64,64,64,0,1.0,1.0,128,0,PASS
uart_tx,train,forencich_uart,35,35,35,0,1.0,1.0,70,0,PASS
uart_rx,train,forencich_uart,44,44,44,0,1.0,1.0,88,0,PASS
simple_spi,train,herveille_spi,132,132,132,0,1.0,1.0,264,0,PASS
i2c_master,validation,forencich_i2c,72,72,72,0,1.0,1.0,144,0,PASS
axis_fifo16,train,forencich_axis,593,593,593,0,1.0,1.0,1186,0,PASS
axis_arb_mux4,train,forencich_axis,210,210,210,0,1.0,1.0,420,0,PASS
axis_skid32,train,forencich_axis,67,67,67,0,1.0,1.0,134,0,PASS
sfifo16,test,zipcpu_sfifo,591,591,591,0,1.0,1.0,1182,0,PASS
