design,rows,unweighted_fraction,equal_design_row_weight,applied_row_weight,applied_total_weight,applied_fraction
picorv32,1456,0.23457386821330756,0.3552541208791209,1.0,1456.0,0.23457386821330756
femtorv_quark,1215,0.1957467375543741,0.4257201646090535,1.0,1215.0,0.1957467375543741
sha256,1034,0.16658611245368132,0.5002417794970987,1.0,1034.0,0.16658611245368132
axis_fifo16,593,0.0955372966006122,0.8722596964586846,1.0,593.0,0.0955372966006122
aes128,562,0.09054293539552119,0.9203736654804271,1.0,562.0,0.09054293539552119
fastfir8,505,0.08135975511519253,1.0242574257425743,1.0,505.0,0.08135975511519253
boxcar16,354,0.05703238279362011,1.4611581920903955,1.0,354.0,0.05703238279362011
axis_arb_mux4,210,0.033832769453842435,2.4630952380952382,1.0,210.0,0.033832769453842435
simple_spi,132,0.02126631222812953,3.918560606060606,1.0,132.0,0.02126631222812953
axis_skid32,67,0.010794264540035443,7.720149253731344,1.0,67.0,0.010794264540035443
uart_rx,44,0.007088770742709844,11.755681818181818,1.0,44.0,0.007088770742709844
uart_tx,35,0.005638794908973739,14.778571428571428,1.0,35.0,0.005638794908973739
